use fastFood;
  create table owner(
  name varchar(3) not null,
  phone varchar(12) not null,
  store varchar(2) not null,
  address varchar(25) not null);
  insert into owner(name,phone,store,address)
  values
  ("阿輝","0912-763-460","士林","台北市士林區文林路157號1樓"),
  ("大老","0905-221-157","大同","台北市大同區酒泉街9巷13號"),
  ("蛋頭","0937-193-361","內湖","台北市內湖區文德路236號2樓");
  
  
  create table store(
  store varchar(3) not null,
  store_phone varchar(20) not null,
  store_address varchar(50) not null);
  insert into store(store,store_phone,store_address)
  values
  ("士林","(02)2907-8855","台北市士林區文林路88號1樓"),
  ("大同","(02)2944-0022","台北市中山區中山北路三段55號1樓"),
  ("內湖","(02)2717-9057","台北市內湖區內湖路一段230號1樓");
  
  
  create table workers(
  workers_name varchar(3) not null,
  workers_pay int not null,
  workers_address varchar(50) not null,
  store varchar(3) not null);
  insert into workers(workers_name,workers_pay,workers_address,store)
  values
  ("阿瓜",13000,"台北市士林區大北街1號1樓","士林"),
  ("小胖",11000,"台北市士林區大南街2號1樓","大同"),
  ("小花",15000,"台北市士林區大東街34號3樓","內湖"),
  ("阿德",17000,"台北市士林區大西街70號4樓","大同"),
  ("妙妙",17000,"台北市士林區小北街70號5樓","內湖"),
  ("米奇",15000,"台北市士林區文林路21號1樓","士林"),
  ("妮妮",15000,"台北市士林區大東街91號5樓","士林"),
  ("惠惠",20000,"台北市士林區大南街41號8樓","大同"),
  ("阿鬼",13000,"台北市士林區大西街86號9樓","內湖"),
  ("阿咪",16000,"台北市士林區中正路110號10樓","內湖"),
  ("喇鐵",10000,"台北市士林區承德路420號17樓","內湖"),
  ("米拉",16000,"台北市士林區大南街1號12樓","士林"),
  ("小明",14000,"台北市士林區劍潭路51號13樓","大同"),
  ("老王",18500,"台北市士林區大東街1號14樓","士林"),
  ("白醬",23000,"台北市士林區小北街1號15樓","大同");
  
  
  create table menu(
  item varchar(10) not null,
  price int not null);
  insert into menu(item,price)
  values
  ("洋蔥套圈圈",30),
  ("手指薯條",35),
  ("銷魂雞塊",30),
  ("薯餅塔",25),
  ("鳳梨蘋果派",40),
  ("三層牛肉炸雞堡",70),
  ("紐奧良起士堡",65),
  ("碳烤牛肉堡",65),
  ("田園鮮蝦堡",65),
  ("鮭魚蔬菜堡",55),
  ("肥宅快樂水",25),
  ("健康減肥茶",20),
  ("心痛的滋味",50),
  ("奶茶冰沙",60),
  ("柳丁汁",60);
  
  
  create table customer(
  order_item varchar(100) not null,
  cost int not null,
  servant varchar(3) not null,
  time time not null);
  insert into customer(order_item,cost,servant,time)
  values
  ("洋蔥套圈圈",30,"阿瓜","10:00:00"),
  ("柳丁汁",60,"阿瓜","10:00:00"),
  ("銷魂雞塊",30,"阿德","10:20:00 "),
  ("健康減肥茶",20,"阿德","10:20:00 "),
  ("手指薯條",35,"小花","11:20:00 "),
  ("三層牛肉炸雞堡",70,"小花","11:20:00 "),
  ("奶茶冰沙",60,"小花","11:20:00 "),
  ("鳳梨蘋果派",40,"老王","12:20:00"),
  ("肥宅快樂水",25,"老王","12:20:00"),
  ("碳烤牛肉堡",65,"小明","01:20:00"),
  ("紐奧良起司堡",65,"喇鐵","14:20:00"),
  ("奶茶冰沙",60,"喇鐵","14:20:00"),
  ("手指薯條",35,"惠惠","15:20:00"),
  ("洋蔥套圈圈",30,"小胖","16:20:00"),
  ("鮭魚蔬菜堡",55,"妙妙","17:20:00"),
  ("健康減肥茶",20,"妙妙","17:20:00"),
  ("薯餅塔",25,"妙妙","17:20:00"),
  ("鳳梨蘋果派",40,"妮妮","18:20:00"),
  ("紐澳良起司堡",65,"妮妮","18:20:00"),
  ("碳烤牛肉堡",65,"米拉","19:20:00"),
  ("肥宅快樂水",25,"米拉","19:20:00"),
  ("薯餅塔",25,"白醬","20:20:00"),
  ("柳丁汁",60,"白醬","20:20:20"),
  ("健康減肥茶",20,"阿咪","21:20:00"),
  ("田園鮮蝦堡",65,"阿鬼","22:20:00"),
  ("肥宅快樂水",25,"阿鬼","22:20:00"),
  ("肥宅快樂水",25,"米奇","09:30:00"),
  ("奶茶冰沙",60,"白醬","10:40:00"),
  ("銷魂雞塊",30,"白醬","11:40:00"),
  ("心痛的滋味",50,"白醬","11:40:00"),
  ("碳烤牛肉堡",65,"妮妮","12:40:00"),
  ("柳丁汁",60,"妮妮","12:40:00"),
  ("田園鮮蝦堡",65,"米奇","13:40:00"),
  ("柳丁汁",60,"米奇","13:40:00"),
  ("三層牛肉炸雞堡",70,"小明","14:40:00"),
  ("銷魂雞塊",30,"老王","15:40:00"),
  ("奶茶冰沙",60,"老王","15:40:00"),
  ("手指薯條",35,"惠惠","16:40:00"),
  ("柳丁汁",60,"惠惠","16:40:00"),
  ("紐澳良起司堡",65,"阿咪","17:40:00"),
  ("鳳梨蘋果派茶",40,"阿德","18:40:00"),
  ("健康減肥",20,"阿德","18:40:00"),
  ("薯餅塔",25,"小胖","19:40:00"),
  ("銷魂雞塊",30,"小胖","19:40:00"),
  ("心痛的滋味",50,"小胖","19:40:00"),
  ("手指薯條",35,"阿瓜","20:40:00"),
  ("柳丁汁",60,"阿鬼","09:00:00"),
  ("銷魂雞塊",30,"阿鬼","09:00:00"),
  ("薯餅塔",25,"小明","10:00:00"),
  ("肥宅快樂水",25,"小明","10:00:00"),
  ("鮭魚蔬菜堡",55,"白醬","11:00:00"),
  ("洋蔥套圈圈",30,"小花","12:00:00"),
  ("心痛的滋味",50,"小花","12:00:00"),
  ("田園鮮蝦堡",65,"米拉","13:00:00"),
  ("洋蔥套圈圈",30,"妮妮","14:00:00"),
  ("柳丁汁",60,"妮妮","14:00:00"),
  ("鳳梨蘋果派",40,"妙妙","15:00:00"),
  ("肥宅快樂水",25,"妙妙","15:00:00"),
  ("三層牛肉炸雞堡",70,"老王","16:00:00"),
  ("肥宅快樂水",25,"老王","16:00:00"),
  ("柳丁汁",60,"白醬","17:00:00"),
  ("薯餅塔",25,"小胖","18:00:00"),
  ("奶茶冰沙",60,"小胖","18:00:00");



  
  
  
  
  
  
  
  
  
  